start_node,end_node,length,osmid,oneway,lanes,name,highway,reversed,geometry,bridge,width,maxspeed,tunnel
4523960189,4523960191,96.48400000000001,"[456118771, 1190032493]",True,2,Rua Dom Frei Vicente da Soledade e Castro,residential,False,"LINESTRING (-8.5992641 41.1778975, -8.5991452 41.1778648, -8.5989441 41.1778042, -8.5985298 41.1776875, -8.5982521 41.17761, -8.5981844 41.1776263)",,,,
4523960191,2185792256,98.848,667439829,False,,Rua Dom Frei Vicente da Soledade e Castro,residential,False,"LINESTRING (-8.5981844 41.1776263, -8.5980733 41.1775929, -8.5970814 41.1773085)",,,,
2185792256,4282469042,162.91100000000003,455315129,False,,,residential,False,"LINESTRING (-8.5970814 41.1773085, -8.5971211 41.1772271, -8.5971394 41.1771893, -8.5971732 41.1771255, -8.5971759 41.1770879, -8.5971736 41.1770591, -8.5971608 41.1770316, -8.59713 41.176991, -8.5965674 41.1766302, -8.596501 41.1765857, -8.5964654 41.1765423, -8.5964461 41.1765033, -8.59644 41.1762599, -8.5964383 41.1762093, -8.5964343 41.1760922)",,,,
4282469042,4282469037,82.71600000000001,461925686,False,,Rua do Doutor Júlio de Matos,residential,False,"LINESTRING (-8.5964343 41.1760922, -8.595981 41.1761149, -8.5958255 41.1760963, -8.5956689 41.1760471, -8.595615 41.1760302, -8.5954971 41.1759623)",,,,
4282469037,4282469015,76.547,429123181,False,,Rua do Doutor Júlio de Matos,residential,False,"LINESTRING (-8.5954971 41.1759623, -8.5954566 41.1758086, -8.5954324 41.1757397, -8.5954173 41.1757139, -8.5953893 41.1756954, -8.5953526 41.1756863, -8.595303 41.1756832, -8.5950371 41.1756851, -8.5948554 41.1756709)",,,,
4282469015,432578831,61.93,461925686,False,,Rua do Doutor Júlio de Matos,residential,False,,,,,
432578831,432578922,369.5589999999999,37141982,False,,,residential,False,"LINESTRING (-8.5941911 41.1754256, -8.5943094 41.1750868, -8.5945157 41.1745833, -8.5945616 41.1744782, -8.5946236 41.1743771, -8.5948228 41.1740779, -8.5949944 41.1737279, -8.595182 41.1733132, -8.5952904 41.1731596, -8.5957461 41.1725471, -8.5957971 41.1724933, -8.5958461 41.1724456, -8.595894 41.1724197, -8.5959338 41.1724091)",,,,
432578922,411835384,50.74200000000001,461925689,False,,Rua do Actor Ferreira da Silva,residential,False,"LINESTRING (-8.5959338 41.1724091, -8.5959874 41.1724093, -8.596037 41.1724217, -8.5963548 41.1725719, -8.5963846 41.1725883, -8.5964557 41.1726276)",,,,
411835384,4455723303,73.549,35997812,True,,Rua do Mondego,residential,False,"LINESTRING (-8.5964557 41.1726276, -8.5965547 41.172593, -8.5967883 41.1725112, -8.5970046 41.1724393, -8.5970773 41.1724149, -8.5972563 41.172355)",,,,
4455723303,411835382,23.499,35997812,True,,Rua do Mondego,residential,False,,,,,
411835382,411835470,61.519000000000005,35997812,True,,Rua do Mondego,residential,False,"LINESTRING (-8.5975134 41.1722701, -8.5976055 41.1722382, -8.5979133 41.1721315, -8.598181 41.1720387)",,,,
411835470,411504965,236.284,"[206843931, 35078502, 958152519]",False,2,Rua do Doutor Manuel Laranjeira,tertiary,True,"LINESTRING (-8.598181 41.1720387, -8.5980474 41.1718124, -8.5977127 41.1712477, -8.5976901 41.1711824, -8.5975794 41.1708617, -8.5975577 41.1707987, -8.5972921 41.1700292)",yes,,,
411504965,2168903806,41.315,35078498,True,2,Rua do Doutor Manuel Laranjeira,tertiary,False,"LINESTRING (-8.5972921 41.1700292, -8.597329 41.1697912, -8.5973632 41.1696618)",,,,
2168903806,2168903802,6.146,434878397,False,,Rua de Augusto Lessa,residential,False,,,,,
2168903802,343646683,158.126,"[1172588825, 30912870]",False,3,Rua de Aval de Baixo,residential,False,"LINESTRING (-8.5972898 41.1696602, -8.597304 41.1695567, -8.5973531 41.1692117, -8.5973698 41.1690957, -8.5974553 41.1685979, -8.5975736 41.1683866, -8.597633 41.1682719)",,,,
343646683,343646684,142.636,30912870,False,,Rua de Aval de Baixo,residential,False,,,,,
343646684,343634635,81.065,30912873,False,,Rua de Óscar da Silva,residential,False,"LINESTRING (-8.5981991 41.167062, -8.5981046 41.1670315, -8.5972933 41.1668043)",,,,
343634635,406359726,67.019,34628269,True,,Rua Doutor Joaquim Pires de Lima,residential,False,"LINESTRING (-8.5972933 41.1668043, -8.5974285 41.1665111, -8.5975254 41.166228)",,,,
406359726,299575942,28.628,1186568754,True,,Rua Doutor Joaquim Pires de Lima,residential,False,"LINESTRING (-8.5975254 41.166228, -8.5975639 41.1661869, -8.5976924 41.1660037)",,,,
299575942,299610705,70.164,1172588827,False,2,Rua de Costa Cabral,secondary,True,"LINESTRING (-8.5976924 41.1660037, -8.5980128 41.1659131, -8.5983749 41.1657728, -8.5984464 41.1657333)",,,,
299610705,3897692280,7.122,1083211594,False,2,Rua de Costa Cabral,secondary,True,,,,,
3897692280,1387283703,18.715,675897037,False,2,Rua da Alegria,secondary,True,"LINESTRING (-8.5985204 41.1657017, -8.5985915 41.1655805, -8.5986056 41.1655463)",,,,
1387283703,773982493,13.93,1083175719,False,2,Rua da Alegria,secondary,True,,,,,
773982493,411842524,117.496,27292882,False,2,Rua da Alegria,secondary,True,"LINESTRING (-8.5986596 41.1654278, -8.598688 41.1653695, -8.598778 41.1651716, -8.5990253 41.164528, -8.5990691 41.1644174)",,,,
411842524,299611722,134.608,27292882,False,2,Rua da Alegria,secondary,True,"LINESTRING (-8.5990691 41.1644174, -8.5995014 41.1633861, -8.5995483 41.1632619)",,,,
299611722,122452414,220.311,27292882,False,2,Rua da Alegria,secondary,True,"LINESTRING (-8.5995483 41.1632619, -8.6002136 41.1616002, -8.60031 41.1613654)",,,,
122452414,122452417,117.685,13265074,True,3,Rua da Constituição,secondary,False,"LINESTRING (-8.60031 41.1613654, -8.6008713 41.1614355, -8.6016446 41.161531, -8.6016969 41.1615383)",,,,
122452417,126634476,196.873,"[1165311280, 13265074]",True,3,Rua da Constituição,secondary,False,"LINESTRING (-8.6016969 41.1615383, -8.6028354 41.1616848, -8.6038016 41.1618057, -8.6040169 41.1618277)",,,,
126634476,299611700,6.294,1016548267,True,3,Praça do Marquês de Pombal,secondary,False,,,,,
299611700,5284320721,19.19,738994725,True,3,Praça do Marquês de Pombal,secondary,False,,,,,
5284320721,343646659,81.72900000000001,453762948,True,2,Rua da Constituição,secondary,False,"LINESTRING (-8.6043183 41.1618595, -8.6043953 41.1618686, -8.6044694 41.1618776, -8.6052826 41.1619744)",,,,
343646659,122452424,133.636,453762948,True,2,Rua da Constituição,secondary,False,,,,,
122452424,122452425,200.94099999999997,"[1019264544, 1083211595]",True,"['2', '3']",Rua da Constituição,secondary,False,"LINESTRING (-8.6068578 41.1621694, -8.6083527 41.162363, -8.6092234 41.1624758)",,,,
122452425,126617430,115.039,31396393,True,2,Rua de São Brás,secondary,False,"LINESTRING (-8.6092234 41.1624758, -8.6093785 41.1620631, -8.6095556 41.1615864, -8.6095946 41.1614797)",,,,
126617430,10926636886,98.034,453761207,False,3,Rua de São Brás,secondary,False,"LINESTRING (-8.6095946 41.1614797, -8.6096221 41.1614026, -8.6097198 41.1611658, -8.6098739 41.1607912, -8.6099258 41.1606343)",,,,
10926636886,10926636885,22.832,1175952369,True,1,Rua de São Brás,residential,False,"LINESTRING (-8.6099258 41.1606343, -8.6100163 41.1604929, -8.6100385 41.1604475)",,,,
10926636885,137993249,131.753,755512797,True,1,Travessa de Antero de Quental,residential,False,"LINESTRING (-8.6100385 41.1604475, -8.6101028 41.1604561, -8.6103044 41.1604838, -8.6115801 41.1606857)",,,,
137993249,1216789894,127.028,13797599,False,2,Rua de Antero de Quental,secondary,False,"LINESTRING (-8.6115801 41.1606857, -8.611647 41.1604019, -8.6117323 41.1600184, -8.6117894 41.1597375, -8.6118201 41.1595983, -8.6118316 41.1595592)",,,,
1216789894,1216789883,59.602000000000004,13797599,False,2,Rua de Antero de Quental,secondary,False,"LINESTRING (-8.6118316 41.1595592, -8.6119495 41.1591026, -8.6119679 41.1590331)",,,,
1216789883,473879871,42.246,13797599,False,2,Rua de Antero de Quental,secondary,False,,,,,
473879871,128560274,68.743,13797599,False,2,Rua de Antero de Quental,secondary,False,"LINESTRING (-8.6120698 41.158661, -8.6120997 41.1585674, -8.6122278 41.1581465, -8.6122531 41.1580584)",,,,
128560274,8493177618,45.65,"[1175952371, 210670990]",True,"['1', '2']",Rua de Antero de Quental,secondary,False,"LINESTRING (-8.6122531 41.1580584, -8.6123659 41.1578354, -8.6124484 41.1576751)",,,,
8493177618,128560275,40.879999999999995,210670990,True,2,Rua de Antero de Quental,secondary,False,"LINESTRING (-8.6124484 41.1576751, -8.6125346 41.1575206, -8.6126514 41.1573409)",,,,
128560275,1422610110,19.646,14329124,True,2,Largo da Lapa,secondary,False,"LINESTRING (-8.6126514 41.1573409, -8.6126822 41.1572826, -8.6127422 41.157178)",,4,,
1422610110,474677934,66.61800000000001,14329124,True,2,Largo da Lapa,secondary,False,"LINESTRING (-8.6127422 41.157178, -8.6129259 41.1568847, -8.6130226 41.1567137, -8.6130465 41.1566745, -8.6130665 41.1566312)",,4,,
474677934,1788787115,126.236,34988345,True,2,Rua da Lapa,secondary,False,"LINESTRING (-8.6130665 41.1566312, -8.6131113 41.1564624, -8.6131371 41.1563265, -8.6132259 41.155824, -8.613285 41.1555082)",,,,
1788787115,1788787081,30.255,167487492,True,,Rua da Lapa,secondary,False,"LINESTRING (-8.613285 41.1555082, -8.6133237 41.1554512, -8.6133478 41.1554248, -8.613361 41.155414, -8.6133941 41.155387, -8.6134501 41.1553586, -8.613537 41.1553245)",,,,
1788787081,1788787223,356.717,1028861122,True,2,Rua da Boavista,secondary,False,"LINESTRING (-8.613537 41.1553245, -8.6162647 41.1557746, -8.6172602 41.1559409, -8.6174328 41.1559695, -8.6176976 41.1560159)",,10,,
1788787223,2250873416,19.502,1028861122,True,2,Rua da Boavista,secondary,False,"LINESTRING (-8.6176976 41.1560159, -8.6178759 41.1560477, -8.617925 41.1560535)",,10,,
2250873416,129953505,120.18199999999999,1267703679,True,2,Rua da Boavista,secondary,False,"LINESTRING (-8.617925 41.1560535, -8.6192099 41.1562699, -8.6193259 41.1562894)",,10,,
129953505,129953504,124.088,8367092,True,2,Rua da Boavista,secondary,False,"LINESTRING (-8.6193259 41.1562894, -8.6206724 41.1565165, -8.6207729 41.1565309)",,10,,
129953504,455341194,42.623,434872537,True,2,Rua da Boavista,secondary,False,,,10,,
455341194,1417675671,127.527,1190013241,True,2,Rua da Boavista,secondary,False,"LINESTRING (-8.6212708 41.1566109, -8.6226422 41.1568454, -8.622756 41.1568656)",,10,,
1417675671,1417675673,92.62299999999999,128245797,True,2,Rua da Boavista,secondary,False,"LINESTRING (-8.622756 41.1568656, -8.6237593 41.1570383, -8.6238345 41.1570513)",,10,,
1417675673,129953503,35.483,128244780,True,3,Avenida da Boavista,secondary,False,,,10,,
129953503,1110673414,54.402,35202691,True,1,Avenida da Boavista,secondary,False,"LINESTRING (-8.6242502 41.1571135, -8.6247875 41.1571604, -8.6248951 41.1571731)",,,,
1110673414,335561971,177.965,30405564,True,,Rua de Ricardo Severo,residential,False,"LINESTRING (-8.6248951 41.1571731, -8.624919 41.1571011, -8.6250592 41.1566306, -8.6253268 41.1557475, -8.6253677 41.1556127)",,,,
335561971,335561972,10.309,1010326124,True,,Largo da Paz,residential,False,,,,,
335561972,335561973,29.087,1010326125,True,,Largo da Paz,residential,False,,,,,
335561973,335562043,93.279,1015889588,True,,Rua da Paz,living_street,False,"LINESTRING (-8.6251675 41.1553246, -8.6251904 41.1553059, -8.6255795 41.1551007, -8.6256547 41.1550257, -8.6256816 41.1549506, -8.6256849 41.1546666)",,,20,
335562043,1252543225,79.399,109406984,True,,,living_street,False,"LINESTRING (-8.6256849 41.1546666, -8.6261637 41.1545609, -8.6265399 41.1543758)",,,20,
1252543225,1788786447,21.39,252519112,True,1,Rua do Padre Cruz,residential,False,"LINESTRING (-8.6265399 41.1543758, -8.6265664 41.1543911, -8.6266032 41.1544123, -8.6267428 41.1544927)",,,,
1788786447,335560491,13.084,167487372,True,2,Rua de Júlio Dinis,secondary,False,"LINESTRING (-8.6267428 41.1544927, -8.62676 41.1545469, -8.6268237 41.1545861)",,,,
335560491,335561263,15.566,1165291407,True,2,Rua de Júlio Dinis,secondary,False,"LINESTRING (-8.6268237 41.1545861, -8.6268512 41.1545265, -8.626827 41.1544518)",,,,
335561263,10838683814,19.881,1165291406,True,1,Rua de Júlio Dinis,secondary,False,"LINESTRING (-8.626827 41.1544518, -8.6268104 41.154388, -8.6267993 41.1543453, -8.6267768 41.1542771)",,,,
10838683814,1788786433,8.115,1165291406,True,1,Rua de Júlio Dinis,secondary,False,,,,,
1788786433,1110673556,180.506,"[207634492, 482291294, 482291295]",False,"['4', '3']",Rua de Júlio Dinis,secondary,True,"LINESTRING (-8.6267103 41.154224, -8.6264536 41.1534234, -8.6262477 41.1527769, -8.6262287 41.1527172, -8.626206 41.1526457)",,,,
1110673556,128673221,85.992,"[482296563, 200072875]",False,"['4', '3']",Praça da Galiza,secondary,False,"LINESTRING (-8.626206 41.1526457, -8.6262541 41.1526317, -8.626292 41.1526208, -8.6264362 41.1525794, -8.6267246 41.1524928, -8.627035 41.1524076, -8.6271726 41.1523893)",,,,
128673221,128673222,131.856,"[1174689832, 207634523]",False,"['4', '3']",Rua do Campo Alegre,secondary,False,"LINESTRING (-8.6271726 41.1523893, -8.6273368 41.1524001, -8.6274654 41.1524074, -8.6282056 41.1524482, -8.6285185 41.1524656, -8.6285788 41.1524689, -8.628743 41.1524782)",,,,
128673222,128673223,157.39,"[1174567450, 482261339, 482261338]",False,4,Rua do Campo Alegre,secondary,False,"LINESTRING (-8.628743 41.1524782, -8.6289655 41.1524906, -8.629459 41.1525195, -8.6296472 41.1525286, -8.6301016 41.152554, -8.6304161 41.1525722, -8.6304738 41.1525754, -8.6306176 41.1525836)",,,,
128673223,478863293,106.00699999999999,39895287,True,1,Rua Professor Abel Salazar,residential,False,"LINESTRING (-8.6306176 41.1525836, -8.6306138 41.1524836, -8.6305572 41.1516947, -8.6305498 41.1516317)",,,,
478863293,1143317012,22.81,39895285,True,1,Rua da Rainha Dona Estefânia,residential,False,,,,,
1143317012,478863896,101.109,39895290,True,,Travessa da Pena,living_street,False,"LINESTRING (-8.6302796 41.1516055, -8.6302706 41.1515382, -8.6302898 41.1513306, -8.6302787 41.1512632, -8.6303407 41.1510739, -8.6303734 41.15101, -8.6304184 41.1509218, -8.630476 41.1508014, -8.6304881 41.1507222)",,,,
478863896,1594649037,472.174,"[128362570, 39895274, 481849357, 480494958, 481849358]",False,,"['Travessa do Gólgota', 'Rua da Boa Viagem', 'Rua da Pena']",living_street,"[False, True]","LINESTRING (-8.6304881 41.1507222, -8.6306566 41.1505346, -8.6307914 41.1503086, -8.6309151 41.1502304, -8.6310459 41.1501541, -8.6312518 41.1500611, -8.6313137 41.1500479, -8.6313898 41.1500485, -8.6315736 41.1500764, -8.6316676 41.150095, -8.6317574 41.1501227, -8.6318628 41.1501464, -8.6319619 41.1501626, -8.6320692 41.150191, -8.6322614 41.1502678, -8.6326092 41.1503801, -8.632686 41.1504066, -8.6327992 41.1504457, -8.6328292 41.1504545, -8.6329257 41.1504827, -8.6330165 41.1505076, -8.6330949 41.1505294, -8.6333464 41.150508, -8.6336674 41.1506037, -8.6337033 41.1506054, -8.6337368 41.1505913, -8.6338765 41.1504882, -8.6338905 41.1504692, -8.6338856 41.1504464, -8.6338353 41.1503489, -8.6338108 41.1502471, -8.6338269 41.1501093, -8.6338554 41.1499609, -8.6337889 41.1497492, -8.633833 41.1496254, -8.6339127 41.1494655, -8.633959 41.1494112, -8.6340082 41.1493872, -8.6340611 41.1493713)",,,,building_passage
1594649037,297880533,66.525,27149317,False,,Rua do Gólgota,living_street,True,"LINESTRING (-8.6340611 41.1493713, -8.6341169 41.1493675, -8.6342078 41.1493655, -8.6342964 41.1493804, -8.6343453 41.1493931, -8.6343896 41.1494128, -8.6345289 41.1495115, -8.6346478 41.1496279, -8.6346622 41.1496421, -8.6346888 41.1496681)",,,,
297880533,478927788,206.31199999999998,167487385,False,2,Via Panorâmica,tertiary,False,"LINESTRING (-8.6346888 41.1496681, -8.6347485 41.1496428, -8.6348134 41.1496154, -8.6349565 41.1495719, -8.6350659 41.1495553, -8.6351814 41.149548, -8.6353128 41.1495452, -8.6354459 41.1495655, -8.6366135 41.1498978, -8.6367137 41.1499169, -8.6368175 41.1499208, -8.6369303 41.1499197, -8.6370336 41.1499125)",,,30,
478927788,4554424112,47.81,39896732,False,,,tertiary,True,"LINESTRING (-8.6370336 41.1499125, -8.637278 41.1499212, -8.6374252 41.1499601, -8.6375675 41.1500306)",,,,
4554424112,4554424124,54.655,39911832,False,,Via Panorâmica,tertiary,True,,,,,
4554424124,479183608,266.675,"[39911832, 1172312751]",False,3,Via Panorâmica,tertiary,True,"LINESTRING (-8.6378645 41.1504683, -8.6379182 41.1505499, -8.6379372 41.1507059, -8.637919 41.1508124, -8.6377678 41.151342, -8.6376963 41.1516088, -8.6376893 41.1516416, -8.637665 41.1517925, -8.6376291 41.1520148, -8.6376117 41.1521188, -8.6375805 41.1523661, -8.6375494 41.1526991, -8.6375454 41.1527353, -8.6375345 41.1528317)",,,,
